{
    "name": "RGB Keyboard",
    "version": "5",
    "inject": {
        "shared.css": [
            "SP"
        ] 
    },
    "patches": {
        "BG Colour": {
            "default": "Rainbow",
            "Rainbow": {"BG Colours/rainbow.css": ["SP"]},
            "Deck Colours": {"BG Colours/rgb.css": ["SP"]},
            "Cotton Candy": {"BG Colours/cotton candy.css": ["SP"]}
        },

        "Key Colour": {
            "default": "Clear Black",
            "Clear Black": {"Key Colours/clear black.css": ["SP"]},
            "Black": {"Key Colours/black.css": ["SP"]},
            "Clear White": {"Key Colours/clear white.css": ["SP"]},
            "White": {"Key Colours/white.css": ["SP"]}
        },

        "Speed": {
            "default": "Medium",
            "Fast": {"Speeds/fast.css": ["SP"]},
            "Medium": {"Speeds/med.css": ["SP"]},
            "Slow": {"Speeds/slow.css": ["SP"]},
            "Very Slow": {"Speeds/very slow.css": ["SP"]}
        }
    }
}
